{"left_shoulder":{"rotation":[0,-0.05235987755982989,0],"time":333},"left_collarbone":{"rotation":[-1.5707963267948966,-0.7155849933176751,0],"time":92},"left_upper_arm":{"rotation":[-1.5707963267948966,0.03490658503988659,-1.5707963267948966],"time":33},"left_lower_arm":{"rotation":[-1.5707963267948966,-1.8325957145940461,3.141592653589793],"time":781},"left_wrist":{"rotation":[3.141592653589793,-1.53588974175501,0],"time":800}}